budget,trial,model,k,accuracy,DP_gap,EO_gap,EqOdds_gap
500,0,LR,2,0.9143,0.0009054035647368302,0.004036281179138322,0.004036281179138322
500,1,LR,2,0.9063,0.0005350289007044068,0.004813790860302489,0.004813790860302489
500,2,LR,2,0.9045,0.001114159388554697,0.01009563665165325,0.01009563665165325
500,3,LR,2,0.909,0.0007245862612448289,0.0011758382046630385,0.0011758382046630385
500,4,LR,2,0.8931,0.00019976830925483996,0.015043111355714548,0.015043111355714548
500,5,LR,2,0.9079,0.0029798513991721176,6.096371439719139e-05,0.0031219871640118142
500,6,LR,2,0.891,0.0008167977900657916,0.006216722864723391,0.006216722864723391
500,7,LR,2,0.8873,0.009697148738049693,0.02386675073822738,0.02386675073822738
500,8,LR,2,0.9084,0.003881506077503571,0.0021336603310852242,0.004318084068779305
500,9,LR,2,0.9157,0.0002673847077983814,0.006586528471308301,0.006586528471308301
1000,0,LR,2,0.8659,0.0074631754761825195,0.005300270850845237,0.007138760873948824
1000,1,LR,2,0.8819,0.003414555400826677,0.03225028501271595,0.03225028501271595
1000,2,LR,2,0.8576,0.004963666295292421,0.009650138611081868,0.009650138611081868
1000,3,LR,2,0.8644,0.0034075016425593047,0.013103942298191874,0.013103942298191874
1000,4,LR,2,0.8624,0.005379005667563053,0.007841899386017037,0.007841899386017037
1000,5,LR,2,0.8685,0.0032243499256175215,0.00498854221752159,0.00498854221752159
1000,6,LR,2,0.836,0.007611723650178509,0.0013294870186880692,0.007747217388262312
1000,7,LR,2,0.8526,0.0018100963654378438,0.028909013463710942,0.028909013463710942
1000,8,LR,2,0.8765,0.01093095165544248,0.02739307535641547,0.02739307535641547
1000,9,LR,2,0.8699,0.0025373185326759695,0.021702122212835684,0.021702122212835684
2000,0,LR,2,0.834,0.009238921405868808,0.011051844552282843,0.011051844552282843
2000,1,LR,2,0.8301,0.008809655723179197,0.009481087529201251,0.009481087529201251
2000,2,LR,2,0.8353,0.00041560648221850016,0.006476425561622659,0.006476425561622659
2000,3,LR,2,0.8359,0.004584579142883016,0.01361190250079139,0.01361190250079139
2000,4,LR,2,0.83,0.0013368960834027888,0.013295994447037413,0.013295994447037413
2000,5,LR,2,0.827,0.010744488310525324,0.014996695643332822,0.014996695643332822
2000,6,LR,2,0.8241,0.0053957996723429935,0.023494764397905765,0.023494764397905765
2000,7,LR,2,0.8331,0.010187934144920946,0.015858483471209495,0.015858483471209495
2000,8,LR,2,0.8383,0.008658518902911819,0.028511530398322854,0.028511530398322854
2000,9,LR,2,0.8263,0.0028519997972530076,0.0169023168757588,0.0169023168757588
4000,0,LR,2,0.8994,0.0023735512256346583,0.019794905225152943,0.019794905225152943
4000,1,LR,2,0.89,0.002819765279673713,0.015258769859996857,0.015258769859996857
4000,2,LR,2,0.8939,0.003273964323440709,0.0019524617996604446,0.004349639204443919
4000,3,LR,2,0.8922,0.0011461096317835762,0.016540583726562308,0.016540583726562308
4000,4,LR,2,0.8899,0.00798432647915271,0.01970449315732106,0.01970449315732106
4000,5,LR,2,0.8917,0.0007702192594583671,0.016075085737830078,0.016075085737830078
4000,6,LR,2,0.8924,0.003179343402481237,0.007739463601532569,0.007739463601532569
4000,7,LR,2,0.8931,0.0027511286681715583,0.009852023393649177,0.009852023393649177
4000,8,LR,2,0.8885,0.0038288439067140564,0.013380558835104289,0.013380558835104289
4000,9,LR,2,0.8985,0.006291911180504463,0.004945837202104612,0.007672748672158572
6000,0,LR,2,0.9095,0.001101042384872965,0.00019658724541951784,0.0009266052404490813
6000,1,LR,2,0.9056,0.0020456509567164903,0.007716480446927373,0.007716480446927373
6000,2,LR,2,0.9171,8.290688106385447e-06,0.004176660325862212,0.004176660325862212
6000,3,LR,2,0.9093,0.0019444206301470549,0.005642863707379837,0.005642863707379837
6000,4,LR,2,0.9116,0.004703691980660892,0.002678953384808511,0.004665215099042103
6000,5,LR,2,0.9062,0.0014550119864730603,0.004524010301524717,0.004524010301524717
6000,6,LR,2,0.9052,0.00046762406998513556,0.0019172639201905511,0.0019172639201905511
6000,7,LR,2,0.9153,0.0002632591018972971,0.0007548152004164498,0.0007548152004164498
6000,8,LR,2,0.9083,0.0030411072866153594,0.0064288600712685065,0.0064288600712685065
6000,9,LR,2,0.9093,0.0012756998387813048,0.0036032383368864353,0.0036032383368864353
8000,0,LR,2,0.9164,0.0026200141689196655,0.009437551391087711,0.009437551391087711
8000,1,LR,2,0.9114,0.0006514241301125998,0.004360724675249862,0.004360724675249862
8000,2,LR,2,0.9176,0.0009861639820051243,0.003241315630273506,0.003241315630273506
8000,3,LR,2,0.9148,0.0014527763489847407,0.005681818181818182,0.005681818181818182
8000,4,LR,2,0.9175,1.2971924972874846e-05,0.005449591280653951,0.005449591280653951
8000,5,LR,2,0.9114,1.0391148197454094e-05,0.00784313725490196,0.00784313725490196
8000,6,LR,2,0.9129,0.0009191148544152455,0.0033803405896429156,0.0033803405896429156
8000,7,LR,2,0.9158,0.00045163324798951424,0.0034108468699355523,0.0034108468699355523
8000,8,LR,2,0.912,0.0006207127055116103,0.002717391304347826,0.002717391304347826
8000,9,LR,2,0.9172,0.00043926451381518655,0.0030496752542459394,0.0030496752542459394
10000,0,LR,2,0.9134,0.0001635623830330531,0.002105263157894737,0.002105263157894737
10000,1,LR,2,0.9175,0.00029930483004127564,0.0,0.0003793268988467022
10000,2,LR,2,0.9153,0.0008527572484366117,0.0,0.0009136592051164915
10000,3,LR,2,0.9173,0.0002434393105798724,0.0,0.00019442087827738056
10000,4,LR,2,0.9174,0.0002312710939797783,0.0007579772483577159,0.0007579772483577159
10000,5,LR,2,0.9174,0.0002089652393920398,0.006494995506801773,0.006494995506801773
10000,6,LR,2,0.9167,0.0009237716481824178,0.008174386920980926,0.008174386920980926
10000,7,LR,2,0.9181,0.00041603844619968926,0.004282655246252677,0.004282655246252677
10000,8,LR,2,0.9193,0.0004418549847443751,0.0,0.00043078522175890653
10000,9,LR,2,0.9175,0.00042259331904256057,0.0039641231722668735,0.0039641231722668735
500,0,MLP,2,0.8909,0.006123347272799458,0.03219954648526077,0.03219954648526077
500,1,MLP,2,0.7714,0.004394883639860403,0.006817368677833779,0.006817368677833779
500,2,MLP,2,0.8456,0.0037051552643911217,0.024984927474554025,0.024984927474554025
500,3,MLP,2,0.8585,0.007043121234917724,0.022256937445407514,0.022256937445407514
500,4,MLP,2,0.8367,0.008417168292893504,0.009154283617684833,0.009154283617684833
500,5,MLP,2,0.8717,0.0016365322041664715,0.026811841591884517,0.026811841591884517
500,6,MLP,2,0.8198,0.0036412387463680695,0.023261803089196204,0.023261803089196204
500,7,MLP,2,0.7683,0.006433622866777372,0.02093881296783015,0.02093881296783015
500,8,MLP,2,0.9011,0.002773130294908995,0.0028939301042305333,0.003201975402263097
500,9,MLP,2,0.866,0.004128457882681652,0.024072942969227178,0.024072942969227178
1000,0,MLP,2,0.9034,0.0008834393591883802,0.009351358924068366,0.009351358924068366
1000,1,MLP,2,0.8422,0.010941294612628896,0.0345413487678681,0.0345413487678681
1000,2,MLP,2,0.8981,0.001061369642763963,1.754570656560539e-05,0.0007173060641738234
1000,3,MLP,2,0.8903,0.00015683300862809335,0.007101570991008794,0.007101570991008794
1000,4,MLP,2,0.8744,0.002776704242226001,0.008033769063180825,0.008033769063180825
1000,5,MLP,2,0.8875,0.0015874600164449484,0.010400141018861272,0.010400141018861272
1000,6,MLP,2,0.8613,0.0040452734188897305,0.01360842844600528,0.01360842844600528
1000,7,MLP,2,0.8968,0.0011837849671722557,0.003771814483520687,0.003771814483520687
1000,8,MLP,2,0.9071,0.0029668293496090507,0.004260013577732519,0.004260013577732519
1000,9,MLP,2,0.8871,0.0029589429887346558,0.004243145687735199,0.004243145687735199
2000,0,MLP,2,0.9103,0.0006454422954028779,0.0026813184294807533,0.0026813184294807533
2000,1,MLP,2,0.9052,0.0009915730809166405,0.01530891197375615,0.01530891197375615
2000,2,MLP,2,0.9149,0.0008185000706617054,0.004338394793926247,0.004338394793926247
2000,3,MLP,2,0.9078,0.0011597354353538097,0.001379279157056935,0.001379279157056935
2000,4,MLP,2,0.9123,0.0010469934395713936,0.0,0.000884069364507664
2000,5,MLP,2,0.9147,0.0005395699573092329,0.001207361089929337,0.001207361089929337
2000,6,MLP,2,0.9016,0.0003931583307247317,0.00619546247818499,0.00619546247818499
2000,7,MLP,2,0.9063,0.0002594807543882076,0.001476855333573118,0.001476855333573118
2000,8,MLP,2,0.9148,0.0006787206359359374,0.0,0.0006593586765147228
2000,9,MLP,2,0.9095,0.0005308042155925327,0.0071264164305949,0.0071264164305949
4000,0,MLP,2,0.9185,0.0006228795785380197,0.0008399358138601945,0.0008399358138601945
4000,1,MLP,2,0.9125,7.73221162944566e-05,0.002849002849002849,0.002849002849002849
4000,2,MLP,2,0.9152,0.00023267820852716802,0.002150537634408602,0.002150537634408602
4000,3,MLP,2,0.9172,0.0007008077332584701,0.006329113924050633,0.006329113924050633
4000,4,MLP,2,0.9169,8.548324898428948e-05,0.002173913043478261,0.002173913043478261
4000,5,MLP,2,0.917,0.00038448068184143746,0.0021691973969631237,0.0021691973969631237
4000,6,MLP,2,0.9157,0.00038989482672552333,0.0,0.0003182537687304878
4000,7,MLP,2,0.9206,0.000950375809292288,0.0,0.001109543269019212
4000,8,MLP,2,0.9173,0.0006648936170212766,0.0,0.0007561436672967864
4000,9,MLP,2,0.9179,0.0002793424808722447,0.0033488084184463015,0.0033488084184463015
6000,0,MLP,2,0.9193,0.0007733827835914932,0.0,0.000798069702335819
6000,1,MLP,2,0.9149,0.001004947903987536,0.004166666666666667,0.004166666666666667
6000,2,MLP,2,0.9224,0.0006424341158800781,0.002336448598130841,0.002336448598130841
6000,3,MLP,2,0.9183,0.0005403929106586893,0.002150537634408602,0.002150537634408602
6000,4,MLP,2,0.9226,0.00018667792460531007,0.0,0.00016501311203774073
6000,5,MLP,2,0.9149,0.0001883805652024635,0.0,0.00022188038266981582
6000,6,MLP,2,0.9107,0.0007270998437705119,0.0,0.0009276058260551045
6000,7,MLP,2,0.9179,0.0018473921324445091,0.004424778761061947,0.004424778761061947
6000,8,MLP,2,0.9177,0.0,0.0,0.0
6000,9,MLP,2,0.9185,0.0008081496551502921,0.0031847133757961785,0.0031847133757961785
8000,0,MLP,2,0.9183,0.0001972741445494313,0.0021231422505307855,0.0021231422505307855
8000,1,MLP,2,0.9148,0.0006546918227098003,0.0,0.0006824871267714556
8000,2,MLP,2,0.9203,0.0001419849495953429,0.0,0.0001513317191283293
8000,3,MLP,2,0.9197,0.00038730496975041033,0.0,0.00045810511130806915
8000,4,MLP,2,0.9187,0.0002587204962302197,0.00042594506561433173,0.00042594506561433173
8000,5,MLP,2,0.9133,0.0,0.0,0.0
8000,6,MLP,2,0.9156,0.0012734678127497181,0.0006330878423901681,0.0012710245777362962
8000,7,MLP,2,0.919,5.653843390271803e-05,0.0029585798816568047,0.0029585798816568047
8000,8,MLP,2,0.915,0.0,0.0,0.0
8000,9,MLP,2,0.92,5.560553854252684e-05,0.002890173410404624,0.002890173410404624
10000,0,MLP,2,0.9139,0.0005748778384593274,0.0,0.0006169983032546661
10000,1,MLP,2,0.9182,0.00014222727919214906,0.0,0.0001525320317266626
10000,2,MLP,2,0.9158,0.0001421262080727686,0.0,0.00015227653418608191
10000,3,MLP,2,0.9185,0.00023583183212425143,0.0030120481927710845,0.0030120481927710845
10000,4,MLP,2,0.918,0.0008119920978969352,0.0042643923240938165,0.0042643923240938165
10000,5,MLP,2,0.9189,0.00033523298692591353,0.002881844380403458,0.002881844380403458
10000,6,MLP,2,0.9169,0.00018475432963648358,0.0,0.00021956418723458304
10000,7,MLP,2,0.9173,0.000266225994111077,0.01284796573875803,0.01284796573875803
10000,8,MLP,2,0.9203,0.0,0.0,0.0
10000,9,MLP,2,0.9182,0.00014411298457991066,0.0,0.00015408320493066256
500,0,LR,4,0.9143,0.0024144184389242535,0.01639344262295082,0.01639344262295082
500,1,LR,4,0.9063,0.006094929031648261,0.018747159521284654,0.018747159521284654
500,2,LR,4,0.9045,0.003096129837702872,0.020942408376963352,0.020942408376963352
500,3,LR,4,0.909,0.0022344154735226976,0.013486312399355879,0.013486312399355879
500,4,LR,4,0.8931,0.006663299159370403,0.02490928986926222,0.02490928986926222
500,5,LR,4,0.9079,0.00669134122937205,0.006570642498786212,0.008173535249347524
500,6,LR,4,0.891,0.0077403576579055736,0.046371552975326566,0.046371552975326566
500,7,LR,4,0.8873,0.017063219320233955,0.0292812777284827,0.0292812777284827
500,8,LR,4,0.9084,0.007136831046448696,0.015384615384615385,0.015384615384615385
500,9,LR,4,0.9157,0.0015157881125729333,0.012269938650306749,0.012269938650306749
1000,0,LR,4,0.8659,0.008128695961986052,0.059905341446923596,0.059905341446923596
1000,1,LR,4,0.8819,0.009206952302086013,0.06574583856531119,0.06574583856531119
1000,2,LR,4,0.8576,0.007234721769553559,0.027272727272727282,0.027272727272727282
1000,3,LR,4,0.8644,0.014313953220062611,0.017913832199546495,0.01842303600532203
1000,4,LR,4,0.8624,0.010668243554563986,0.030101394169835233,0.030101394169835233
1000,5,LR,4,0.8685,0.007831378537180855,0.049977462249267524,0.049977462249267524
1000,6,LR,4,0.836,0.026729346632452175,0.042163403696817245,0.042163403696817245
1000,7,LR,4,0.8526,0.023616607751223137,0.05000685651597569,0.05000685651597569
1000,8,LR,4,0.8765,0.01705020809292991,0.040481885020816726,0.040481885020816726
1000,9,LR,4,0.8699,0.009296186477440481,0.03103187284500883,0.03103187284500883
2000,0,LR,4,0.834,0.014387876690119969,0.02392134245145698,0.02392134245145698
2000,1,LR,4,0.8301,0.01014521561663384,0.06018087147163606,0.06018087147163606
2000,2,LR,4,0.8353,0.01586700643863831,0.01891107613614007,0.01891107613614007
2000,3,LR,4,0.8359,0.012160960210237368,0.04111897539602291,0.04111897539602291
2000,4,LR,4,0.83,0.02515819555011227,0.04511329511329511,0.04511329511329511
2000,5,LR,4,0.827,0.02604716519137018,0.022406992857904276,0.03102410343602173
2000,6,LR,4,0.8241,0.02077414772727272,0.07248557194297836,0.07248557194297836
2000,7,LR,4,0.8331,0.01824082723963534,0.04208754208754209,0.04208754208754209
2000,8,LR,4,0.8383,0.010348636159838262,0.039302726259247994,0.039302726259247994
2000,9,LR,4,0.8263,0.012538956881544619,0.04183237947424581,0.04183237947424581
4000,0,LR,4,0.8994,0.0083617366763679,0.0619047619047619,0.0619047619047619
4000,1,LR,4,0.89,0.0066303504844935565,0.01968581662295174,0.01968581662295174
4000,2,LR,4,0.8939,0.007672628986130168,0.017680157664733936,0.017680157664733936
4000,3,LR,4,0.8922,0.004375798625693629,0.018617716226809515,0.018617716226809515
4000,4,LR,4,0.8899,0.009999115919345644,0.029222972972972973,0.029222972972972973
4000,5,LR,4,0.8917,0.004255869934374053,0.02552467385138968,0.02552467385138968
4000,6,LR,4,0.8924,0.008926462507234108,0.016342747137971285,0.016342747137971285
4000,7,LR,4,0.8931,0.00521390418060912,0.02252940631656942,0.02252940631656942
4000,8,LR,4,0.8885,0.004793724069164684,0.01860429603990634,0.01860429603990634
4000,9,LR,4,0.8985,0.007270655334944899,0.011997538966365875,0.011997538966365875
6000,0,LR,4,0.9095,0.0027864030919489916,0.011111111111111112,0.011111111111111112
6000,1,LR,4,0.9056,0.0029710017115167978,0.011018926626912107,0.011018926626912107
6000,2,LR,4,0.9171,0.005099685654010155,0.011976047904191617,0.011976047904191617
6000,3,LR,4,0.9093,0.004276562971318827,0.02857142857142857,0.02857142857142857
6000,4,LR,4,0.9116,0.007581772136170865,0.010951417004048582,0.010951417004048582
6000,5,LR,4,0.9062,0.0026881720430107538,0.01377027474346243,0.01377027474346243
6000,6,LR,4,0.9052,0.005628992628992628,0.009145994769075816,0.009145994769075816
6000,7,LR,4,0.9153,0.003983863138792716,0.011695906432748537,0.011695906432748537
6000,8,LR,4,0.9083,0.00750283349558144,0.017486522911051215,0.017486522911051215
6000,9,LR,4,0.9093,0.0025579415955140922,0.012784436338370678,0.012784436338370678
8000,0,LR,4,0.9164,0.0031770777683881976,0.01485148514851485,0.01485148514851485
8000,1,LR,4,0.9114,0.0021460837009617505,0.00671215604835719,0.00671215604835719
8000,2,LR,4,0.9176,0.0019043089232102166,0.010471204188481676,0.010471204188481676
8000,3,LR,4,0.9148,0.003299121896844625,0.006134969325153374,0.006134969325153374
8000,4,LR,4,0.9175,0.0026281039854215826,0.010101010101010102,0.010101010101010102
8000,5,LR,4,0.9114,0.0025599015960249332,0.009433962264150943,0.009433962264150943
8000,6,LR,4,0.9129,0.0026092877917151935,0.010256410256410256,0.010256410256410256
8000,7,LR,4,0.9158,0.003752619175016032,0.007692307692307693,0.007692307692307693
8000,8,LR,4,0.912,0.004003129106891794,0.005050505050505051,0.005050505050505051
8000,9,LR,4,0.9172,0.00209394147781272,0.004615468647585755,0.004615468647585755
10000,0,LR,4,0.9134,0.0017722640673460345,0.00390625,0.00390625
10000,1,LR,4,0.9175,0.0015067805123053742,0.0,0.0016556291390728477
10000,2,LR,4,0.9153,0.0011797090051120724,0.0,0.001286449399656947
10000,3,LR,4,0.9173,0.001998001998001998,0.0,0.0021990104452996153
10000,4,LR,4,0.9174,0.002236950948415476,0.006578947368421052,0.006578947368421052
10000,5,LR,4,0.9174,0.0010547239534969242,0.012578616352201259,0.012578616352201259
10000,6,LR,4,0.9167,0.0014782540453904733,0.011049723756906077,0.011049723756906077
10000,7,LR,4,0.9181,0.0025627883136852894,0.005,0.005
10000,8,LR,4,0.9193,0.002066115702479339,0.0,0.002442002442002442
10000,9,LR,4,0.9175,0.0014378598830584019,0.008264462809917356,0.008264462809917356
500,0,MLP,4,0.8909,0.010905995996696234,0.044236273744470464,0.044236273744470464
500,1,MLP,4,0.7714,0.01366199845618235,0.040183305559763655,0.040183305559763655
500,2,MLP,4,0.8456,0.01916171114039339,0.03588522122104128,0.03588522122104128
500,3,MLP,4,0.8585,0.007305373268945911,0.03660525810784879,0.03660525810784879
500,4,MLP,4,0.8367,0.01506443355840946,0.05427098674521355,0.05427098674521355
500,5,MLP,4,0.8717,0.007147810464534249,0.046932646932646926,0.046932646932646926
500,6,MLP,4,0.8198,0.013411474411767557,0.0420059582919563,0.0420059582919563
500,7,MLP,4,0.7683,0.01689200763298629,0.058636498077491855,0.058636498077491855
500,8,MLP,4,0.9011,0.004656012225016715,0.01220238095238095,0.01220238095238095
500,9,MLP,4,0.866,0.013168581041884217,0.04260395364689844,0.04260395364689844
1000,0,MLP,4,0.9034,0.009742757404462708,0.01545428699078023,0.01545428699078023
1000,1,MLP,4,0.8422,0.01303927553927553,0.04770590406705319,0.04770590406705319
1000,2,MLP,4,0.8981,0.008900303318794697,0.04061302681992337,0.04061302681992337
1000,3,MLP,4,0.8903,0.005171231022293971,0.018772196854388634,0.018772196854388634
1000,4,MLP,4,0.8744,0.012106106171548121,0.023487008871989866,0.023487008871989866
1000,5,MLP,4,0.8875,0.00578070641191248,0.02614457831325301,0.02614457831325301
1000,6,MLP,4,0.8613,0.005208696730997067,0.05016722408026757,0.05016722408026757
1000,7,MLP,4,0.8968,0.010945784984246518,0.005705655311293842,0.013772728047085084
1000,8,MLP,4,0.9071,0.0033498652423791173,0.008981494050042985,0.008981494050042985
1000,9,MLP,4,0.8871,0.0037426606219281983,0.012917933130699083,0.012917933130699083
2000,0,MLP,4,0.9103,0.0025669334256347215,0.006988662835844075,0.006988662835844075
2000,1,MLP,4,0.9052,0.00331082007956297,0.02380094941889016,0.02380094941889016
2000,2,MLP,4,0.9149,0.002228331704138156,0.008333333333333333,0.008333333333333333
2000,3,MLP,4,0.9078,0.004358660460506718,0.0021907650825749914,0.004693753991089856
2000,4,MLP,4,0.9123,0.002109010820359117,0.0,0.001979781586756706
2000,5,MLP,4,0.9147,0.0032317388754988597,0.007547169811320755,0.007547169811320755
2000,6,MLP,4,0.9016,0.004876610588666341,0.008140906151329555,0.008140906151329555
2000,7,MLP,4,0.9063,0.0030951929146512897,0.012689738919247117,0.012689738919247117
2000,8,MLP,4,0.9148,0.0007548814618499322,0.0,0.0007494789953973173
2000,9,MLP,4,0.9095,0.0021310538597076045,0.015057020669992871,0.015057020669992871
4000,0,MLP,4,0.9185,0.0014680385353034945,0.0058823529411764705,0.0058823529411764705
4000,1,MLP,4,0.9125,0.002759828831355694,0.006289308176100629,0.006289308176100629
4000,2,MLP,4,0.9152,0.0006567425569176883,0.004651162790697674,0.004651162790697674
4000,3,MLP,4,0.9172,0.0028634361233480176,0.00749063670411985,0.00749063670411985
4000,4,MLP,4,0.9169,0.0010381576311703521,0.005405405405405406,0.005405405405405406
4000,5,MLP,4,0.917,0.0015608740894901144,0.004878048780487805,0.004878048780487805
4000,6,MLP,4,0.9157,0.001969587648974619,0.0,0.00207069790562496
4000,7,MLP,4,0.9206,0.001519756838905775,0.0,0.0016750418760469012
4000,8,MLP,4,0.9173,0.00099601593625498,0.0,0.0012062726176115801
4000,9,MLP,4,0.9179,0.0015404181064441235,0.005714285714285714,0.005714285714285714
6000,0,MLP,4,0.9193,0.0010750963501197663,0.0,0.0011268987896993234
6000,1,MLP,4,0.9149,0.0015267790601647632,0.009345794392523364,0.009345794392523364
6000,2,MLP,4,0.9224,0.0010813500199561511,0.0041841004184100415,0.0041841004184100415
6000,3,MLP,4,0.9183,0.002081165452653486,0.003816793893129771,0.003816793893129771
6000,4,MLP,4,0.9226,0.001105460977227504,0.0,0.0011693171188026192
6000,5,MLP,4,0.9149,0.0004940711462450593,0.0,0.0005443658138268917
6000,6,MLP,4,0.9107,0.0008951996903804132,0.0,0.0010420476644008995
6000,7,MLP,4,0.9179,0.0026255872443620354,0.007518796992481203,0.007518796992481203
6000,8,MLP,4,0.9177,0.0,0.0,0.0
6000,9,MLP,4,0.9185,0.003115264797507788,0.006993006993006993,0.006993006993006993
8000,0,MLP,4,0.9183,0.00102880658436214,0.0037735849056603774,0.0037735849056603774
8000,1,MLP,4,0.9148,0.001098659635245001,0.0,0.0011701380762930026
8000,2,MLP,4,0.9203,0.0004035512510088781,0.0,0.00043591979075850045
8000,3,MLP,4,0.9197,0.0010384215991692627,0.0,0.00125
8000,4,MLP,4,0.9187,0.0010314226949449654,0.005235602094240838,0.005235602094240838
8000,5,MLP,4,0.9133,0.0,0.0,0.0
8000,6,MLP,4,0.9156,0.0030165912518853697,0.005128205128205128,0.005128205128205128
8000,7,MLP,4,0.919,0.0005197505197505198,0.005208333333333333,0.005208333333333333
8000,8,MLP,4,0.915,0.0,0.0,0.0
8000,9,MLP,4,0.92,0.0010070493454179255,0.006172839506172839,0.006172839506172839
10000,0,MLP,4,0.9139,0.0008183306055646482,0.0,0.0008988764044943821
10000,1,MLP,4,0.9182,0.0004035512510088781,0.0,0.0004411116012351125
10000,2,MLP,4,0.9158,0.00039323633503735744,0.0,0.0004288164665523156
10000,3,MLP,4,0.9185,0.0009940357852882703,0.006711409395973154,0.006711409395973154
10000,4,MLP,4,0.918,0.0013280212483399733,0.007434944237918215,0.007434944237918215
10000,5,MLP,4,0.9189,0.000508646998982706,0.005319148936170213,0.005319148936170213
10000,6,MLP,4,0.9169,0.0009398496240601503,0.0,0.0011325028312570782
10000,7,MLP,4,0.9173,0.0010280598504139263,0.015,0.015
10000,8,MLP,4,0.9203,0.0,0.0,0.0
10000,9,MLP,4,0.9182,0.00040290088638195,0.0,0.00043956043956043956
